CountryName,CountryCode,SeriesName,2012,2013,2014,2015,2016
Afghanistan,AFG,Political Stability and Absence of Violence/Terrorism: Estimate,-2.418561459,-2.519349098,-2.411068439,-2.571221828,-2.749167442
Afghanistan,AFG,Rule of Law: Estimate,-1.643164515,-1.597314,-1.445647597,-1.504045248,-1.616429567
Afghanistan,AFG,Government Effectiveness: Estimate,-1.360139608,-1.384929776,-1.331395626,-1.322988749,-1.222106338
Albania,ALB,Political Stability and Absence of Violence/Terrorism: Estimate,-0.143631592,0.091929786,0.485986233,0.34612906,0.257720143
Albania,ALB,Rule of Law: Estimate,-0.520316482,-0.51801759,-0.337862045,-0.328226447,-0.347467512
Albania,ALB,Government Effectiveness: Estimate,-0.267799705,-0.316919863,-0.085557945,0.010404494,-0.000573237
Algeria,DZA,Political Stability and Absence of Violence/Terrorism: Estimate,-1.325043321,-1.202371478,-1.190535188,-1.090159774,-1.139281988
Algeria,DZA,Rule of Law: Estimate,-0.77228111,-0.689373612,-0.773167908,-0.868520021,-0.849319279
Algeria,DZA,Government Effectiveness: Estimate,-0.532319129,-0.534194887,-0.477552891,-0.500323355,-0.544694543
Angola,AGO,Political Stability and Absence of Violence/Terrorism: Estimate,-0.389322549,-0.391233474,-0.333232045,-0.500897765,-0.386640251
Angola,AGO,Rule of Law: Estimate,-1.269548297,-1.267903686,-1.118136406,-1.081933975,-1.08052218
Angola,AGO,Government Effectiveness: Estimate,-0.989631712,-1.223171473,-1.123668909,-1.000091553,-1.039376974
Anguilla,AIA,Political Stability and Absence of Violence/Terrorism: Estimate,1.476920247,1.533979535,1.164254904,1.249272108,1.306667805
Anguilla,AIA,Rule of Law: Estimate,1.364445925,1.36789608,0.018862573,-0.039248616,-0.086343013
Anguilla,AIA,Government Effectiveness: Estimate,1.531355619,1.539396763,0.952229023,1.00754571,1.328709245
Antigua and Barbuda,ATG,Political Stability and Absence of Violence/Terrorism: Estimate,0.975788057,0.958863378,0.984550714,1.004724503,1.01384449
Antigua and Barbuda,ATG,Rule of Law: Estimate,0.951546371,0.837808132,-0.177203804,0.589894295,0.509351373
Antigua and Barbuda,ATG,Government Effectiveness: Estimate,0.485967219,0.490560621,-0.069246948,0.227594227,0.26572603
Argentina,ARG,Political Stability and Absence of Violence/Terrorism: Estimate,0.103040546,0.065314263,-0.005121871,0.01478538,0.221892059
Argentina,ARG,Rule of Law: Estimate,-0.67968142,-0.707676113,-0.886034548,-0.770812094,-0.345988482
Argentina,ARG,Government Effectiveness: Estimate,-0.23857522,-0.277548879,-0.159135252,-0.07490325,0.176795974
Armenia,ARM,Political Stability and Absence of Violence/Terrorism: Estimate,0.154794976,0.110385142,-0.2971358,-0.252332628,-0.60086602
Armenia,ARM,Rule of Law: Estimate,-0.417913109,-0.344212234,-0.365905493,-0.387850553,-0.105174474
Armenia,ARM,Government Effectiveness: Estimate,-0.042271338,0.069011472,-0.198050931,-0.16071257,-0.149187073
Aruba,ABW,Political Stability and Absence of Violence/Terrorism: Estimate,1.263881564,1.312226295,1.164567828,1.230921268,1.276316524
Aruba,ABW,Rule of Law: Estimate,1.316214681,1.299766183,1.038311601,1.261039615,1.289892197
Aruba,ABW,Government Effectiveness: Estimate,1.254732013,1.227073789,0.891651392,0.883769929,0.896265566
Australia,AUS,Political Stability and Absence of Violence/Terrorism: Estimate,0.997997224,1.031072974,1.032191992,0.884979844,0.963897407
Australia,AUS,Rule of Law: Estimate,1.766946197,1.778639317,1.923104525,1.825228572,1.752019286
Australia,AUS,Government Effectiveness: Estimate,1.621440053,1.639869452,1.607114673,1.564803481,1.584797382
Austria,AUT,Political Stability and Absence of Violence/Terrorism: Estimate,1.340566874,1.364100575,1.270700455,1.143079281,0.817217648
Austria,AUT,Rule of Law: Estimate,1.858178735,1.851382136,1.952464104,1.855263472,1.777863264
Austria,AUT,Government Effectiveness: Estimate,1.57587254,1.588477135,1.572585702,1.479387999,1.513507843
Azerbaijan,AZE,Political Stability and Absence of Violence/Terrorism: Estimate,-0.715751827,-0.412859917,-0.559909523,-0.729565561,-0.870391667
Azerbaijan,AZE,Rule of Law: Estimate,-0.834511161,-0.723857284,-0.672239363,-0.673693717,-0.565593541
Azerbaijan,AZE,Government Effectiveness: Estimate,-0.782640159,-0.475038588,-0.363815427,-0.257282048,-0.156112611
"Bahamas, The",BHS,Political Stability and Absence of Violence/Terrorism: Estimate,1.184026003,1.134824634,0.956470132,0.907476485,0.903345406
"Bahamas, The",BHS,Rule of Law: Estimate,0.619721949,0.63790983,0.665428877,0.597127914,0.229195848
"Bahamas, The",BHS,Government Effectiveness: Estimate,0.989576817,0.872554958,0.728960156,0.712929964,0.717308939
Bahrain,BHR,Political Stability and Absence of Violence/Terrorism: Estimate,-1.129954934,-1.335417747,-0.907474875,-1.073540211,-0.861849666
Bahrain,BHR,Rule of Law: Estimate,0.258338988,0.331083685,0.413719535,0.425056159,0.458846271
Bahrain,BHR,Government Effectiveness: Estimate,0.549759269,0.58878696,0.565039575,0.559969604,0.324103683
Bangladesh,BGD,Political Stability and Absence of Violence/Terrorism: Estimate,-1.379088998,-1.627858877,-0.895563185,-1.212017894,-1.240991354
Bangladesh,BGD,Rule of Law: Estimate,-0.929304183,-0.866816878,-0.777665257,-0.751279891,-0.590466201
Bangladesh,BGD,Government Effectiveness: Estimate,-0.804165363,-0.793824732,-0.765750408,-0.723579228,-0.689339936
Barbados,BRB,Political Stability and Absence of Violence/Terrorism: Estimate,1.185965657,1.26692915,1.277919888,1.135361314,0.962682724
Barbados,BRB,Rule of Law: Estimate,1.031676412,1.046182513,1.08249259,1.095227122,0.784002125
Barbados,BRB,Government Effectiveness: Estimate,1.462176323,1.357321978,1.204713941,1.025392413,1.082464218
Belarus,BLR,Political Stability and Absence of Violence/Terrorism: Estimate,0.06861522,0.005959166,0.179782152,0.110016517,0.11998371
Belarus,BLR,Rule of Law: Estimate,-0.937003851,-0.900919497,-0.84030503,-0.812937558,-0.781756878
Belarus,BLR,Government Effectiveness: Estimate,-0.901626885,-0.896814287,-0.486170083,-0.458772182,-0.512486517
Belgium,BEL,Political Stability and Absence of Violence/Terrorism: Estimate,0.92359972,0.940082729,0.701269448,0.587094605,0.482584447
Belgium,BEL,Rule of Law: Estimate,1.427129149,1.43843472,1.52343905,1.463508606,1.402365565
Belgium,BEL,Government Effectiveness: Estimate,1.602476358,1.607339144,1.381594181,1.438697577,1.326384664
Belize,BLZ,Political Stability and Absence of Violence/Terrorism: Estimate,0.180257618,0.176189259,0.048583075,0.043097582,0.057324488
Belize,BLZ,Rule of Law: Estimate,-0.457807392,-0.467051774,-0.745151877,-0.720960438,-0.86176306
Belize,BLZ,Government Effectiveness: Estimate,-0.324690014,-0.329106957,-0.657314658,-0.684154153,-0.676089704
Benin,BEN,Political Stability and Absence of Violence/Terrorism: Estimate,0.364367604,0.301189363,0.027139762,-0.013513958,0.054139834
Benin,BEN,Rule of Law: Estimate,-0.585672617,-0.568667173,-0.488022417,-0.535739422,-0.654478788
Benin,BEN,Government Effectiveness: Estimate,-0.51528728,-0.489440292,-0.456818074,-0.621204197,-0.566010177
Bhutan,BTN,Political Stability and Absence of Violence/Terrorism: Estimate,0.77630949,0.784624875,1.068038583,0.974714994,0.99032706
Bhutan,BTN,Rule of Law: Estimate,0.236313418,0.290323943,0.379015028,0.522356212,0.474711835
Bhutan,BTN,Government Effectiveness: Estimate,0.5126127,0.400447756,0.256147236,0.40649128,0.485713512
Bolivia (Plurinational State of),BOL,Political Stability and Absence of Violence/Terrorism: Estimate,-0.458068103,-0.328593433,-0.333112091,-0.268487215,-0.206531405
Bolivia (Plurinational State of),BOL,Rule of Law: Estimate,-1.016074419,-1.0464288,-1.055192828,-1.141066313,-1.203882575
Bolivia (Plurinational State of),BOL,Government Effectiveness: Estimate,-0.368671596,-0.386593521,-0.5877074,-0.651944339,-0.56963712
Bosnia and Herzegovina,BIH,Political Stability and Absence of Violence/Terrorism: Estimate,-0.538148701,-0.404944122,-0.019179042,-0.402437001,-0.377774239
Bosnia and Herzegovina,BIH,Rule of Law: Estimate,-0.206737608,-0.151569322,-0.185617089,-0.281363338,-0.294730157
Bosnia and Herzegovina,BIH,Government Effectiveness: Estimate,-0.457261205,-0.434701741,-0.451142341,-0.545209169,-0.432830662
Botswana,BWA,Political Stability and Absence of Violence/Terrorism: Estimate,1.104041457,1.102347016,1.011847138,1.042091846,1.092399359
Botswana,BWA,Rule of Law: Estimate,0.662495196,0.596098185,0.633615911,0.595487714,0.521856964
Botswana,BWA,Government Effectiveness: Estimate,0.482212812,0.414167732,0.352403283,0.497423857,0.506949604
Brazil,BRA,Political Stability and Absence of Violence/Terrorism: Estimate,0.045961641,-0.258553296,-0.070290133,-0.331458092,-0.448016375
Brazil,BRA,Rule of Law: Estimate,-0.06944935,-0.080180086,-0.049857914,-0.147071302,-0.08087071
Brazil,BRA,Government Effectiveness: Estimate,-0.128173426,-0.092886731,-0.139355496,-0.183996126,-0.175861731
Brunei Darussalam,BRN,Political Stability and Absence of Violence/Terrorism: Estimate,0.909327209,1.074022293,1.261507034,1.242662311,1.260026217
Brunei Darussalam,BRN,Rule of Law: Estimate,0.793056726,0.594608605,0.472535253,0.407984078,0.624220431
Brunei Darussalam,BRN,Government Effectiveness: Estimate,0.84352529,0.869773328,1.086335182,1.060170531,1.071591854
Bulgaria,BGR,Political Stability and Absence of Violence/Terrorism: Estimate,0.379833996,0.170710385,0.078540899,0.017322188,0.026005547
Bulgaria,BGR,Rule of Law: Estimate,-0.085204966,-0.102405354,-0.046017233,-0.097000144,-0.037645712
Bulgaria,BGR,Government Effectiveness: Estimate,0.141888097,0.157344475,0.0787379,0.208816484,0.28976211
Burkina Faso,BFA,Political Stability and Absence of Violence/Terrorism: Estimate,-0.573129237,-0.763390124,-0.787128568,-0.611107409,-0.949450016
Burkina Faso,BFA,Rule of Law: Estimate,-0.436797351,-0.530449867,-0.547252774,-0.527029812,-0.447282583
Burkina Faso,BFA,Government Effectiveness: Estimate,-0.623988986,-0.660841942,-0.578829587,-0.586617649,-0.545139253
Burundi,BDI,Political Stability and Absence of Violence/Terrorism: Estimate,-1.70473814,-1.350277543,-0.784407139,-1.939510822,-2.080499887
Burundi,BDI,Rule of Law: Estimate,-1.083530903,-1.069999337,-0.966020286,-1.166668534,-1.388797641
Burundi,BDI,Government Effectiveness: Estimate,-1.320103168,-1.064956784,-1.12914741,-1.159004688,-1.397563338
Cabo Verde,CPV,Political Stability and Absence of Violence/Terrorism: Estimate,0.809086382,0.777999878,0.350779146,0.867810428,0.882254303
Cabo Verde,CPV,Rule of Law: Estimate,0.524149299,0.535970628,0.634805202,0.589895785,0.345834255
Cabo Verde,CPV,Government Effectiveness: Estimate,0.120573722,0.096909538,0.069981024,0.147835761,0.097884186
Cambodia,KHM,Political Stability and Absence of Violence/Terrorism: Estimate,-0.103577204,-0.136436149,0.023174802,0.061942287,0.177927718
Cambodia,KHM,Rule of Law: Estimate,-0.979674339,-1.00411737,-0.955210149,-0.978473485,-1.095991969
Cambodia,KHM,Government Effectiveness: Estimate,-0.815831959,-0.906181395,-0.688959599,-0.699413061,-0.69462353
Cameroon,CMR,Political Stability and Absence of Violence/Terrorism: Estimate,-0.588517427,-0.532237291,-1.059252381,-0.989607453,-0.949917555
Cameroon,CMR,Rule of Law: Estimate,-1.041518331,-1.050953388,-0.896448255,-0.975390732,-1.019376278
Cameroon,CMR,Government Effectiveness: Estimate,-0.898006082,-0.918751955,-0.791034162,-0.773310483,-0.759951293
Canada,CAN,Political Stability and Absence of Violence/Terrorism: Estimate,1.113016248,1.061421752,1.17550385,1.274697781,1.242899418
Canada,CAN,Rule of Law: Estimate,1.763582468,1.755975723,1.89068222,1.842076302,1.835433841
Canada,CAN,Government Effectiveness: Estimate,1.765713096,1.788731575,1.760523319,1.762370825,1.798412919
Cayman Islands,CYM,Political Stability and Absence of Violence/Terrorism: Estimate,0.959384382,1.017615318,1.04634726,1.153417587,1.166703582
Cayman Islands,CYM,Rule of Law: Estimate,0.896737218,0.902007699,0.58729589,0.81687969,0.781872988
Cayman Islands,CYM,Government Effectiveness: Estimate,1.254732013,1.227073789,1.180053711,1.167015076,1.177957296
Central African Rep.,CAF,Political Stability and Absence of Violence/Terrorism: Estimate,-1.852922916,-2.154896736,-2.699193239,-1.904764652,-1.737660766
Central African Rep.,CAF,Rule of Law: Estimate,-1.443371415,-1.793080688,-1.695696592,-1.684809923,-1.843082547
Central African Rep.,CAF,Government Effectiveness: Estimate,-1.448529005,-1.609882593,-1.848332644,-1.784717083,-1.768063784
Chad,TCD,Political Stability and Absence of Violence/Terrorism: Estimate,-1.044117332,-1.089472294,-1.568882704,-0.974552572,-1.208127022
Chad,TCD,Rule of Law: Estimate,-1.466065764,-1.382488251,-1.138648629,-1.183280706,-1.427221417
Chad,TCD,Government Effectiveness: Estimate,-1.488765597,-1.3888309,-1.495927334,-1.461070895,-1.494260192
Chile,CHL,Political Stability and Absence of Violence/Terrorism: Estimate,0.331102103,0.36374253,0.447516918,0.433439225,0.513367951
Chile,CHL,Rule of Law: Estimate,1.391887546,1.367829084,1.43313992,1.344096303,1.125390053
Chile,CHL,Government Effectiveness: Estimate,1.264067769,1.264523983,1.161331534,1.086323857,1.018170714
China,CHN,Political Stability and Absence of Violence/Terrorism: Estimate,-0.53878206,-0.543789923,-0.522584021,-0.550294638,-0.521165669
China,CHN,Rule of Law: Estimate,-0.542889893,-0.524590194,-0.414477408,-0.409794658,-0.223669767
China,CHN,Government Effectiveness: Estimate,0.023425933,0.003648124,0.322888315,0.408017337,0.358472794
Colombia,COL,Political Stability and Absence of Violence/Terrorism: Estimate,-1.401810408,-1.291971803,-1.114594102,-1.069146633,-0.960490108
Colombia,COL,Rule of Law: Estimate,-0.353872001,-0.405887574,-0.291901916,-0.268413424,-0.316749752
Colombia,COL,Government Effectiveness: Estimate,0.022952002,0.071358077,-0.100556344,-0.036017831,0.023041973
Comoros,COM,Political Stability and Absence of Violence/Terrorism: Estimate,-0.452308029,-0.256929189,-0.186910167,-0.232791469,-0.015420736
Comoros,COM,Rule of Law: Estimate,-1.015769243,-0.936803699,-0.891699731,-0.815206766,-1.127991796
Comoros,COM,Government Effectiveness: Estimate,-1.550860524,-1.589367032,-1.674040437,-1.5220474,-1.541751742
"Congo, Rep.",COG,Political Stability and Absence of Violence/Terrorism: Estimate,-0.489689857,-0.475050122,-0.359291583,-0.526365995,-0.565750539
"Congo, Rep.",COG,Rule of Law: Estimate,-1.14301312,-1.112829924,-1.108604074,-1.078538775,-1.04246223
"Congo, Rep.",COG,Government Effectiveness: Estimate,-1.173945904,-1.155924201,-1.110310197,-1.022181392,-1.095658541
Costa Rica,CRI,Political Stability and Absence of Violence/Terrorism: Estimate,0.638402462,0.677918017,0.577418208,0.682025492,0.74505794
Costa Rica,CRI,Rule of Law: Estimate,0.519687355,0.551670015,0.560501158,0.504753351,0.463711828
Costa Rica,CRI,Government Effectiveness: Estimate,0.500124812,0.482306093,0.396597505,0.37576279,0.355204493
Cote d'Ivoire,CIV,Political Stability and Absence of Violence/Terrorism: Estimate,-1.263461113,-1.048724174,-1.037160635,-0.832545936,-0.902376533
Cote d'Ivoire,CIV,Rule of Law: Estimate,-1.079258561,-0.905044436,-0.591415823,-0.62941426,-0.671491086
Cote d'Ivoire,CIV,Government Effectiveness: Estimate,-1.098414183,-0.925787568,-0.833844006,-0.681760728,-0.667884648
Dem. Rep. of the Congo,COD,Political Stability and Absence of Violence/Terrorism: Estimate,-2.085892916,-2.192190647,-2.167921305,-2.150854349,-2.197615147
Dem. Rep. of the Congo,COD,Rule of Law: Estimate,-1.657000303,-1.573436379,-1.451048017,-1.572552443,-1.613560557
Dem. Rep. of the Congo,COD,Government Effectiveness: Estimate,-1.654934764,-1.477709651,-1.561380267,-1.629252434,-1.505256891
Croatia,HRV,Political Stability and Absence of Violence/Terrorism: Estimate,0.606891453,0.64266789,0.619112372,0.590728045,0.675161302
Croatia,HRV,Rule of Law: Estimate,0.245607689,0.291649491,0.319685102,0.200360253,0.436544716
Croatia,HRV,Government Effectiveness: Estimate,0.706691682,0.701186359,0.692963302,0.51401335,0.485255539
Cuba,CUB,Political Stability and Absence of Violence/Terrorism: Estimate,0.307248294,0.37056464,0.544822037,0.644101679,0.619554639
Cuba,CUB,Rule of Law: Estimate,-0.705526888,-0.697264194,-0.657768965,-0.701458991,-0.412079066
Cuba,CUB,Government Effectiveness: Estimate,-0.404913485,-0.439775079,-0.046784941,0.02187958,-0.12650013
Cyprus,CYP,Political Stability and Absence of Violence/Terrorism: Estimate,0.635126054,0.563347161,0.551882088,0.550866485,0.574111521
Cyprus,CYP,Rule of Law: Estimate,1.099629998,1.036581397,1.077018499,1.039922118,0.727526188
Cyprus,CYP,Government Effectiveness: Estimate,1.391171932,1.366624117,1.140383601,1.048837423,0.978731871
Czech Republic,CZE,Political Stability and Absence of Violence/Terrorism: Estimate,1.054106116,1.084778547,0.989990473,0.979189098,0.991675138
Czech Republic,CZE,Rule of Law: Estimate,1.041852593,1.039771318,1.15218091,1.148100734,1.092840075
Czech Republic,CZE,Government Effectiveness: Estimate,0.928921938,0.891820014,1.017592907,1.046726942,1.058007121
Denmark,DNK,Political Stability and Absence of Violence/Terrorism: Estimate,0.914910674,0.959233463,0.951779723,0.897649825,0.847919703
Denmark,DNK,Rule of Law: Estimate,1.873899817,1.900482297,2.096355438,2.042388916,1.895959139
Denmark,DNK,Government Effectiveness: Estimate,1.984567404,1.992455125,1.819007277,1.848226786,1.887565374
Djibouti,DJI,Political Stability and Absence of Violence/Terrorism: Estimate,0.160619214,-0.102187522,-0.77023226,-0.443531573,-0.627737701
Djibouti,DJI,Rule of Law: Estimate,-0.791456461,-0.772086501,-0.8739326,-0.922180951,-0.971201181
Djibouti,DJI,Government Effectiveness: Estimate,-1.063122511,-0.962294519,-0.974384606,-0.954309046,-0.973534286
Dominica,DMA,Political Stability and Absence of Violence/Terrorism: Estimate,0.980585456,1.119856238,1.05717814,1.077941298,1.128755093
Dominica,DMA,Rule of Law: Estimate,0.637001753,0.648914933,0.492903143,0.673474789,0.606004953
Dominica,DMA,Government Effectiveness: Estimate,0.661122739,0.708178163,0.076308608,0.117436104,0.048784968
Dominican Rep.,DOM,Political Stability and Absence of Violence/Terrorism: Estimate,0.252366811,0.207428694,0.145934492,0.236706421,0.290499002
Dominican Rep.,DOM,Rule of Law: Estimate,-0.687770724,-0.532390594,-0.405669421,-0.512686312,-0.28849715
Dominican Rep.,DOM,Government Effectiveness: Estimate,-0.510242641,-0.46754539,-0.435269862,-0.357235849,-0.24927178
Ecuador,ECU,Political Stability and Absence of Violence/Terrorism: Estimate,-0.57030648,-0.178656712,-0.018533209,-0.143955871,-0.099583343
Ecuador,ECU,Rule of Law: Estimate,-1.134687901,-0.968271494,-1.058417678,-1.028905153,-0.69361645
Ecuador,ECU,Government Effectiveness: Estimate,-0.504882157,-0.501632035,-0.472943544,-0.442261696,-0.43175301
"Egypt, Arab Rep.",EGY,Political Stability and Absence of Violence/Terrorism: Estimate,-1.436329722,-1.6388309,-1.631176591,-1.496645689,-1.419192791
"Egypt, Arab Rep.",EGY,Rule of Law: Estimate,-0.472383499,-0.633282006,-0.662516296,-0.594087958,-0.40953967
"Egypt, Arab Rep.",EGY,Government Effectiveness: Estimate,-0.808497548,-0.877399504,-0.822677433,-0.75222075,-0.657724082
El Salvador,SLV,Political Stability and Absence of Violence/Terrorism: Estimate,0.234583974,-0.033658903,-0.024590004,-0.016997365,-0.059620958
El Salvador,SLV,Rule of Law: Estimate,-0.698693275,-0.619059324,-0.476327419,-0.585063934,-0.707341552
El Salvador,SLV,Government Effectiveness: Estimate,-0.127177879,-0.11522536,-0.032733403,-0.235498786,-0.278847933
Equatorial Guinea,GNQ,Political Stability and Absence of Violence/Terrorism: Estimate,0.232703447,0.120355181,-0.374146551,-0.205352426,-0.192911938
Equatorial Guinea,GNQ,Rule of Law: Estimate,-1.295616746,-1.349340796,-1.448759675,-1.456297636,-1.43647027
Equatorial Guinea,GNQ,Government Effectiveness: Estimate,-1.606107473,-1.541716576,-1.504542947,-1.417881489,-1.409004807
Eritrea,ERI,Political Stability and Absence of Violence/Terrorism: Estimate,-0.702197254,-0.772372127,-0.805872619,-0.876751304,-0.881781042
Eritrea,ERI,Rule of Law: Estimate,-1.387417197,-1.407486081,-1.530384064,-1.487505198,-1.52739346
Eritrea,ERI,Government Effectiveness: Estimate,-1.447657943,-1.519717574,-1.607063174,-1.59330833,-1.685041428
Estonia,EST,Political Stability and Absence of Violence/Terrorism: Estimate,0.636465192,0.748215437,0.780257881,0.620919824,0.692293525
Estonia,EST,Rule of Law: Estimate,1.157106638,1.198479652,1.372891307,1.331923485,1.244093418
Estonia,EST,Government Effectiveness: Estimate,0.954537988,0.974775255,1.016679525,1.06819737,1.115696788
Ethiopia,ETH,Political Stability and Absence of Violence/Terrorism: Estimate,-1.564271331,-1.407307386,-1.339387417,-1.498187423,-1.568975925
Ethiopia,ETH,Rule of Law: Estimate,-0.677484751,-0.647413611,-0.471563309,-0.509025514,-0.393549562
Ethiopia,ETH,Government Effectiveness: Estimate,-0.425269544,-0.606997073,-0.42448172,-0.646661103,-0.639099538
Fiji,FJI,Political Stability and Absence of Violence/Terrorism: Estimate,-0.067774832,-0.051027689,0.553164601,0.580308676,0.830223858
Fiji,FJI,Rule of Law: Estimate,-0.79121691,-0.822952628,-0.511486351,-0.404100507,-0.29466182
Fiji,FJI,Government Effectiveness: Estimate,-0.838006258,-0.843451798,-0.367771119,-0.291203529,-0.263694465
Finland,FIN,Political Stability and Absence of Violence/Terrorism: Estimate,1.400765181,1.385172486,1.282197237,1.040587306,0.961734354
Finland,FIN,Rule of Law: Estimate,1.951503277,1.936688185,2.100273371,2.063123703,2.017793417
Finland,FIN,Government Effectiveness: Estimate,2.220477581,2.174288273,1.998275638,1.813305736,1.848472953
France,FRA,Political Stability and Absence of Violence/Terrorism: Estimate,0.554941535,0.448744118,0.300568491,0.106706373,-0.064124487
France,FRA,Rule of Law: Estimate,1.454164147,1.426772714,1.474639177,1.41331923,1.406672239
France,FRA,Government Effectiveness: Estimate,1.340279341,1.48182869,1.403170347,1.437052965,1.406624436
French Guiana,GUF,Political Stability and Absence of Violence/Terrorism: Estimate,0.215082258,0.218277127,0.527634025,0.568954766,0.555143654
French Guiana,GUF,Rule of Law: Estimate,1.161048532,1.129531503,1.066060424,1.295758367,1.326302052
French Guiana,GUF,Government Effectiveness: Estimate,1.145516276,1.102965117,1.128373861,1.122841358,1.13786006
Gabon,GAB,Political Stability and Absence of Violence/Terrorism: Estimate,0.29329142,0.330102742,0.149542809,0.021186959,-0.067835003
Gabon,GAB,Rule of Law: Estimate,-0.469428033,-0.539848983,-0.508886874,-0.549935818,-0.584349215
Gabon,GAB,Government Effectiveness: Estimate,-0.904819489,-0.830842853,-0.644165218,-0.73356396,-0.790056109
"Gambia, The",GMB,Political Stability and Absence of Violence/Terrorism: Estimate,-0.000778838,-0.048636407,-0.151400715,0.019588569,-0.520871699
"Gambia, The",GMB,Rule of Law: Estimate,-0.576514304,-0.642992079,-0.689125657,-0.721325636,-0.747435212
"Gambia, The",GMB,Government Effectiveness: Estimate,-0.512429535,-0.70537895,-0.669894457,-0.903461635,-0.843511879
Georgia,GEO,Political Stability and Absence of Violence/Terrorism: Estimate,-0.680453956,-0.441366166,-0.321507543,-0.466081887,-0.286235988
Georgia,GEO,Rule of Law: Estimate,-0.014561474,-0.005961422,0.190929726,0.271524847,0.367095262
Georgia,GEO,Government Effectiveness: Estimate,0.60583812,0.58521229,0.489187151,0.404683113,0.511828899
Germany,DEU,Political Stability and Absence of Violence/Terrorism: Estimate,0.775621295,0.92798388,0.925186455,0.699824274,0.760188997
Germany,DEU,Rule of Law: Estimate,1.664947629,1.649499655,1.856834173,1.795013547,1.606999516
Germany,DEU,Government Effectiveness: Estimate,1.593369126,1.542519927,1.731391549,1.73711729,1.744619012
Ghana,GHA,Political Stability and Absence of Violence/Terrorism: Estimate,0.130694985,0.060606085,-0.106807962,-0.032099333,-0.162033558
Ghana,GHA,Rule of Law: Estimate,0.010495004,0.149142131,0.052244995,0.142052844,-0.003629279
Ghana,GHA,Government Effectiveness: Estimate,-0.048532676,-0.098373681,-0.280857623,-0.251235664,-0.202281639
Greece,GRC,Political Stability and Absence of Violence/Terrorism: Estimate,-0.217248693,-0.171341717,-0.140445963,-0.230252355,-0.138517588
Greece,GRC,Rule of Law: Estimate,0.426507235,0.465021938,0.36259988,0.267151922,0.196004018
Greece,GRC,Government Effectiveness: Estimate,0.319800168,0.459202468,0.398586392,0.256199121,0.21118468
Grenada,GRD,Political Stability and Absence of Violence/Terrorism: Estimate,0.492649019,0.426174343,0.774568856,0.790708482,1.01384449
Grenada,GRD,Rule of Law: Estimate,0.125437871,0.133370638,-0.167484716,0.144673064,0.565270066
Grenada,GRD,Government Effectiveness: Estimate,0.267391056,0.227247208,-0.108672678,-0.196174711,-0.179290071
Guatemala,GTM,Political Stability and Absence of Violence/Terrorism: Estimate,-0.633820176,-0.674156249,-0.655563533,-0.655060232,-0.536551833
Guatemala,GTM,Rule of Law: Estimate,-1.076313615,-1.083479166,-0.96223402,-0.947281539,-1.040468216
Guatemala,GTM,Government Effectiveness: Estimate,-0.755443335,-0.70314014,-0.728890419,-0.711001813,-0.604201674
Guinea,GIN,Political Stability and Absence of Violence/Terrorism: Estimate,-1.287012458,-1.229851723,-0.955242753,-0.386988342,-0.407191724
Guinea,GIN,Rule of Law: Estimate,-1.407583952,-1.37540102,-1.360495448,-1.158495784,-1.288665056
Guinea,GIN,Government Effectiveness: Estimate,-1.268741012,-1.173679709,-1.232363105,-1.142423511,-1.008026123
Guinea-Bissau,GNB,Political Stability and Absence of Violence/Terrorism: Estimate,-0.965295851,-0.899927616,-0.706451654,-0.518216372,-0.504301131
Guinea-Bissau,GNB,Rule of Law: Estimate,-1.522778392,-1.585554123,-1.325205922,-1.283544779,-1.49050045
Guinea-Bissau,GNB,Government Effectiveness: Estimate,-1.23039794,-1.433110237,-1.583007336,-1.613140225,-1.635444164
Guyana,GUY,Political Stability and Absence of Violence/Terrorism: Estimate,-0.49961406,-0.456606746,-0.136097595,-0.139650807,-0.026809826
Guyana,GUY,Rule of Law: Estimate,-0.523705304,-0.530195773,-0.616555035,-0.527465999,-0.309569329
Guyana,GUY,Government Effectiveness: Estimate,-0.114775859,-0.115866743,-0.232317001,-0.335406274,-0.300763994
Haiti,HTI,Political Stability and Absence of Violence/Terrorism: Estimate,-0.788092673,-0.63101536,-0.643627286,-0.670838177,-0.674472988
Haiti,HTI,Rule of Law: Estimate,-1.327450871,-1.294263363,-1.185460091,-1.180639505,-0.998515666
Haiti,HTI,Government Effectiveness: Estimate,-1.645002007,-1.57628715,-2.041475058,-2.016381025,-2.058267832
Honduras,HND,Political Stability and Absence of Violence/Terrorism: Estimate,-0.350115597,-0.438611597,-0.534083962,-0.468914419,-0.362588584
Honduras,HND,Rule of Law: Estimate,-1.140214562,-1.164662719,-0.944581866,-0.925625324,-1.111540318
Honduras,HND,Government Effectiveness: Estimate,-0.698260009,-0.728645146,-0.809989631,-0.821539164,-0.732573271
Hong Kong,HKG,Political Stability and Absence of Violence/Terrorism: Estimate,1.006289482,0.922868311,1.153228521,1.04629457,0.841842353
Hong Kong,HKG,Rule of Law: Estimate,1.580427289,1.573812246,1.86072886,1.825626493,1.695269346
Hong Kong,HKG,Government Effectiveness: Estimate,1.834667206,1.745883346,1.832902789,1.909479976,1.860944629
Hungary,HUN,Political Stability and Absence of Violence/Terrorism: Estimate,0.67579478,0.796646118,0.669904828,0.746297717,0.714944005
Hungary,HUN,Rule of Law: Estimate,0.615284204,0.582692802,0.501931071,0.399943441,0.510549545
Hungary,HUN,Government Effectiveness: Estimate,0.628841758,0.654968202,0.533443689,0.49741441,0.452733815
Iceland,ISL,Political Stability and Absence of Violence/Terrorism: Estimate,1.245032072,1.287133694,1.246974587,1.308164477,1.334694743
Iceland,ISL,Rule of Law: Estimate,1.685005426,1.662147522,1.708532214,1.667345166,1.510318875
Iceland,ISL,Government Effectiveness: Estimate,1.491027832,1.490048647,1.491399884,1.492341518,1.408097744
India,IND,Political Stability and Absence of Violence/Terrorism: Estimate,-1.289309859,-1.229174137,-0.99791199,-0.948493361,-0.954577804
India,IND,Rule of Law: Estimate,-0.07196191,-0.057318583,-0.063245445,-0.047318075,-0.070349738
India,IND,Government Effectiveness: Estimate,-0.170951098,-0.171536714,-0.205647334,0.09046378,0.100246459
Indonesia,IDN,Political Stability and Absence of Violence/Terrorism: Estimate,-0.593262792,-0.519264638,-0.416824043,-0.615060687,-0.377522618
Indonesia,IDN,Rule of Law: Estimate,-0.575681806,-0.530768096,-0.342180669,-0.422095984,-0.355571955
Indonesia,IDN,Government Effectiveness: Estimate,-0.272910774,-0.198748589,-0.037205037,-0.240533337,0.013530596
Iran (Islamic Rep. of),IRN,Political Stability and Absence of Violence/Terrorism: Estimate,-1.323926091,-1.249686599,-0.874987662,-0.925701737,-0.744589269
Iran (Islamic Rep. of),IRN,Rule of Law: Estimate,-0.915893674,-0.995813966,-1.056347728,-0.923484564,-0.712391138
Iran (Islamic Rep. of),IRN,Government Effectiveness: Estimate,-0.525846243,-0.676853836,-0.426920831,-0.208824545,-0.204273582
Iraq,IRQ,Political Stability and Absence of Violence/Terrorism: Estimate,-1.934050202,-2.011390448,-2.480337858,-2.260351896,-2.277800083
Iraq,IRQ,Rule of Law: Estimate,-1.457862616,-1.449635625,-1.334787846,-1.417774558,-1.701309562
Iraq,IRQ,Government Effectiveness: Estimate,-1.108618498,-1.096112847,-1.111156821,-1.246446609,-1.264272571
Ireland,IRL,Political Stability and Absence of Violence/Terrorism: Estimate,0.941072702,0.901075721,1.052991152,0.908455491,0.87876606
Ireland,IRL,Rule of Law: Estimate,1.734316707,1.731722951,1.779152513,1.774914503,1.53666544
Ireland,IRL,Government Effectiveness: Estimate,1.547128439,1.485335708,1.597104549,1.533348799,1.350854516
Israel,ISR,Political Stability and Absence of Violence/Terrorism: Estimate,-1.07890439,-1.101284742,-1.039735317,-1.094912767,-0.827416778
Israel,ISR,Rule of Law: Estimate,0.934555173,0.978043199,1.107662916,1.162290215,1.018595576
Israel,ISR,Government Effectiveness: Estimate,1.277025223,1.249336243,1.210811973,1.388034582,1.352508664
Italy,ITA,Political Stability and Absence of Violence/Terrorism: Estimate,0.508217514,0.495499194,0.458165407,0.3759197,0.352587372
Italy,ITA,Rule of Law: Estimate,0.403319508,0.402901322,0.37739116,0.275057644,0.265291482
Italy,ITA,Government Effectiveness: Estimate,0.42067042,0.458483517,0.374144018,0.448110193,0.521717191
Jamaica,JAM,Political Stability and Absence of Violence/Terrorism: Estimate,0.120508112,0.182374373,0.024492532,0.096484482,0.242776766
Jamaica,JAM,Rule of Law: Estimate,-0.375789106,-0.350025058,-0.282042772,-0.227318674,-0.251835763
Jamaica,JAM,Government Effectiveness: Estimate,0.011384566,0.042098962,0.137448892,0.248759523,0.412154436
Japan,JPN,Political Stability and Absence of Violence/Terrorism: Estimate,0.948442876,1.019141912,0.968597353,1.06512773,1.008275986
Japan,JPN,Rule of Law: Estimate,1.357860565,1.443706989,1.601541996,1.518730283,1.377566338
Japan,JPN,Government Effectiveness: Estimate,1.415637016,1.618066192,1.812485337,1.78481245,1.832352877
"Jersey, Channel Islands",JEY,Political Stability and Absence of Violence/Terrorism: Estimate,1.476132035,1.485056996,1.464952469,1.529619813,1.319109797
"Jersey, Channel Islands",JEY,Rule of Law: Estimate,1.719516397,1.697370648,1.738286018,1.701292872,1.73632884
"Jersey, Channel Islands",JEY,Government Effectiveness: Estimate,1.451157451,1.379388332,1.353383064,1.299852252,1.275118709
Jordan,JOR,Political Stability and Absence of Violence/Terrorism: Estimate,-0.523977637,-0.606315255,-0.540025532,-0.605778575,-0.533168256
Jordan,JOR,Rule of Law: Estimate,0.369098425,0.392967433,0.464213163,0.439434081,0.313855678
Jordan,JOR,Government Effectiveness: Estimate,-0.011274511,-0.048918359,0.116841048,0.122611709,0.136063963
Kazakhstan,KAZ,Political Stability and Absence of Violence/Terrorism: Estimate,-0.408455014,-0.402473897,0.036018156,-0.035000283,0.044635314
Kazakhstan,KAZ,Rule of Law: Estimate,-0.684613407,-0.691604614,-0.598051727,-0.439329773,-0.417186588
Kazakhstan,KAZ,Government Effectiveness: Estimate,-0.440244943,-0.532777667,-0.042686917,-0.073210396,-0.060712673
Kenya,KEN,Political Stability and Absence of Violence/Terrorism: Estimate,-1.323441267,-1.166930914,-1.282247186,-1.244405627,-1.327488184
Kenya,KEN,Rule of Law: Estimate,-0.823801458,-0.711124599,-0.4168576,-0.487965614,-0.530303478
Kenya,KEN,Government Effectiveness: Estimate,-0.52325058,-0.457267225,-0.333343953,-0.29414168,-0.314097196
Dem. People's Rep. of Korea,PRK,Political Stability and Absence of Violence/Terrorism: Estimate,-0.012876378,-0.441554099,-1.134743333,-1.153404713,-0.710825682
Dem. People's Rep. of Korea,PRK,Rule of Law: Estimate,-1.351986051,-1.381945968,-1.624641538,-1.64512527,-1.63240993
Dem. People's Rep. of Korea,PRK,Government Effectiveness: Estimate,-1.911015391,-1.901435733,-1.640783787,-1.632668018,-1.647480011
Kuwait,KWT,Political Stability and Absence of Violence/Terrorism: Estimate,0.203606218,0.16605559,0.149006546,-0.213420272,-0.147371501
Kuwait,KWT,Rule of Law: Estimate,0.367613405,0.365626663,0.022490578,0.001076935,0.032630503
Kuwait,KWT,Government Effectiveness: Estimate,-0.070301943,-0.070669204,-0.148398995,-0.033110809,-0.180444881
Kyrgyz Republic,KGZ,Political Stability and Absence of Violence/Terrorism: Estimate,-0.911251366,-0.911773801,-0.804615676,-0.882437944,-0.655584693
Kyrgyz Republic,KGZ,Rule of Law: Estimate,-1.129481792,-1.109207511,-0.926912189,-0.989245474,-1.095290899
Kyrgyz Republic,KGZ,Government Effectiveness: Estimate,-0.649499595,-0.651904583,-0.865409195,-0.914483786,-0.898510695
Lao PDR,LAO,Political Stability and Absence of Violence/Terrorism: Estimate,0.03373903,0.0674439,0.498692989,0.541362047,0.499417663
Lao PDR,LAO,Rule of Law: Estimate,-0.851637721,-0.80027616,-0.751358986,-0.798730552,-0.765127242
Lao PDR,LAO,Government Effectiveness: Estimate,-0.837715805,-0.73004806,-0.415311486,-0.510504663,-0.385475516
Latvia,LVA,Political Stability and Absence of Violence/Terrorism: Estimate,0.453626722,0.593635261,0.487268358,0.443747222,0.39161104
Latvia,LVA,Rule of Law: Estimate,0.785476744,0.767849863,0.872382939,0.794600129,0.95007205
Latvia,LVA,Government Effectiveness: Estimate,0.838448524,0.889026761,0.958550274,1.089666128,0.997735083
Lebanon,LBN,Political Stability and Absence of Violence/Terrorism: Estimate,-1.664812326,-1.690353394,-1.697941303,-1.702586532,-1.555009127
Lebanon,LBN,Rule of Law: Estimate,-0.751038015,-0.775689304,-0.766248524,-0.825654566,-0.858584702
Lebanon,LBN,Government Effectiveness: Estimate,-0.346782535,-0.395220429,-0.37551415,-0.474226981,-0.528524876
Lesotho,LSO,Political Stability and Absence of Violence/Terrorism: Estimate,0.274199098,0.338074297,-0.332812041,-0.308428764,-0.25248304
Lesotho,LSO,Rule of Law: Estimate,-0.244847745,-0.201975182,-0.20982334,-0.174012661,-0.177290052
Lesotho,LSO,Government Effectiveness: Estimate,-0.375439852,-0.417200416,-0.555181265,-0.684340656,-0.804588199
Liberia,LBR,Political Stability and Absence of Violence/Terrorism: Estimate,-0.484476507,-0.475507081,-0.615449607,-0.818025708,-0.546739459
Liberia,LBR,Rule of Law: Estimate,-0.88740474,-0.879034638,-0.80579406,-0.864492297,-0.967626333
Liberia,LBR,Government Effectiveness: Estimate,-1.173728228,-1.384766102,-1.343055606,-1.393890619,-1.319466591
Libya,LBY,Political Stability and Absence of Violence/Terrorism: Estimate,-1.58695972,-1.844076514,-2.353407145,-2.196628332,-2.208017588
Libya,LBY,Rule of Law: Estimate,-1.137567401,-1.336876512,-1.508693218,-1.629270196,-1.868774176
Libya,LBY,Government Effectiveness: Estimate,-1.474232197,-1.47105515,-1.691470146,-1.653165221,-1.89147377
Liechtenstein,LIE,Political Stability and Absence of Violence/Terrorism: Estimate,1.389199615,1.397171617,1.458861828,1.457840443,1.462338805
Liechtenstein,LIE,Rule of Law: Estimate,1.601888537,1.585437775,1.743713021,1.685917139,1.677674174
Liechtenstein,LIE,Government Effectiveness: Estimate,1.789564252,1.754485846,1.705178618,1.689331651,1.701243639
Lithuania,LTU,Political Stability and Absence of Violence/Terrorism: Estimate,0.786209881,0.964532316,0.742136419,0.759793997,0.798876643
Lithuania,LTU,Rule of Law: Estimate,0.85041523,0.836003721,0.939177334,1.008058906,1.021879196
Lithuania,LTU,Government Effectiveness: Estimate,0.833409011,0.831737101,0.982653379,1.185165882,1.086321831
Luxembourg,LUX,Political Stability and Absence of Violence/Terrorism: Estimate,1.331918836,1.335248113,1.378323793,1.439398408,1.407010794
Luxembourg,LUX,Rule of Law: Estimate,1.7989043,1.816298723,1.906487703,1.874665856,1.714603901
Luxembourg,LUX,Government Effectiveness: Estimate,1.672071934,1.629902482,1.65443325,1.724363685,1.692127109
Macao,MAC,Political Stability and Absence of Violence/Terrorism: Estimate,0.628785551,0.757722914,1.206168532,1.202256441,1.415109158
Macao,MAC,Rule of Law: Estimate,0.652692735,0.643677235,0.951919615,0.923683226,0.827039063
Macao,MAC,Government Effectiveness: Estimate,1.093719959,1.064193606,1.468456149,1.450260043,1.177957296
Madagascar,MDG,Political Stability and Absence of Violence/Terrorism: Estimate,-0.536136985,-0.65999341,-0.557235837,-0.427362889,-0.397052109
Madagascar,MDG,Rule of Law: Estimate,-0.906124115,-0.912827671,-0.740127504,-0.686933994,-0.735542536
Madagascar,MDG,Government Effectiveness: Estimate,-1.089096308,-1.131114483,-1.299321651,-1.29816854,-1.166461468
Malawi,MWI,Political Stability and Absence of Violence/Terrorism: Estimate,-0.002686169,-0.205809802,0.081093207,0.031896148,-0.059166025
Malawi,MWI,Rule of Law: Estimate,-0.218719244,-0.162278533,-0.286365271,-0.306816041,-0.371317267
Malawi,MWI,Government Effectiveness: Estimate,-0.478605866,-0.479915291,-0.628111243,-0.673160613,-0.734152973
Malaysia,MYS,Political Stability and Absence of Violence/Terrorism: Estimate,-0.005212402,0.051791593,0.266619146,0.258957565,0.100645073
Malaysia,MYS,Rule of Law: Estimate,0.46503225,0.435761154,0.588295519,0.501932204,0.535256743
Malaysia,MYS,Government Effectiveness: Estimate,0.919864178,0.999806523,1.115127206,0.949163854,0.881595492
Mali,MLI,Political Stability and Absence of Violence/Terrorism: Estimate,-2.034328699,-1.722162127,-1.713988781,-1.685663939,-1.547509432
Mali,MLI,Rule of Law: Estimate,-0.671191096,-0.749119461,-0.644296169,-0.734754443,-0.779735863
Mali,MLI,Government Effectiveness: Estimate,-0.996795297,-0.902868629,-1.099087954,-0.932024181,-0.990040958
Malta,MLT,Political Stability and Absence of Violence/Terrorism: Estimate,1.065075159,1.042757869,1.125496984,1.063938618,1.078026056
Malta,MLT,Rule of Law: Estimate,1.344981909,1.333084106,1.193639755,1.135597706,1.075172901
Malta,MLT,Government Effectiveness: Estimate,1.247961402,1.257873297,1.028361678,0.85062629,0.947682858
Mauritania,MRT,Political Stability and Absence of Violence/Terrorism: Estimate,-1.133991718,-1.014761448,-0.589508355,-0.63780123,-0.735730767
Mauritania,MRT,Rule of Law: Estimate,-0.917474985,-0.998454928,-0.860369444,-0.866077304,-0.777463198
Mauritania,MRT,Government Effectiveness: Estimate,-0.909612894,-0.998631775,-0.991504014,-1.026878119,-0.787193358
Mauritius,MUS,Political Stability and Absence of Violence/Terrorism: Estimate,0.971312404,0.944801748,0.667965949,0.998615384,1.047534823
Mauritius,MUS,Rule of Law: Estimate,0.974966705,0.950068414,0.912838042,0.854365528,0.802414954
Mauritius,MUS,Government Effectiveness: Estimate,0.981690347,0.881920636,1.04363656,1.049440861,0.958205819
Mexico,MEX,Political Stability and Absence of Violence/Terrorism: Estimate,-0.662454188,-0.714223802,-0.853918791,-0.798699081,-0.765679061
Mexico,MEX,Rule of Law: Estimate,-0.534087002,-0.544489741,-0.422825068,-0.44708994,-0.503426969
Mexico,MEX,Government Effectiveness: Estimate,0.342616528,0.345396012,0.19623448,0.209704727,0.14478676
"Micronesia, Fed. Sts.",FSM,Political Stability and Absence of Violence/Terrorism: Estimate,1.150869846,1.102858543,0.984550714,1.035154104,1.049678683
"Micronesia, Fed. Sts.",FSM,Rule of Law: Estimate,-0.015528588,0.065360323,-0.280935526,-0.295541435,-0.060470875
"Micronesia, Fed. Sts.",FSM,Government Effectiveness: Estimate,-0.643291771,-0.571090877,-0.497500807,-0.396936297,-0.349572778
Mongolia,MNG,Political Stability and Absence of Violence/Terrorism: Estimate,0.471134812,0.491320789,0.791901171,0.716384351,0.820218563
Mongolia,MNG,Rule of Law: Estimate,-0.37545976,-0.371379048,-0.344739795,-0.379790068,-0.223171458
Mongolia,MNG,Government Effectiveness: Estimate,-0.636151254,-0.548481762,-0.43550086,-0.418690056,-0.109448113
Montenegro,MNE,Political Stability and Absence of Violence/Terrorism: Estimate,0.596563041,0.504595459,0.219455272,0.140797719,0.156316862
Montenegro,MNE,Rule of Law: Estimate,0.019058798,0.045480549,0.081718199,0.051777143,-0.042391736
Montenegro,MNE,Government Effectiveness: Estimate,0.130459979,0.160067886,0.265190095,0.155747339,0.104373753
Morocco,MAR,Political Stability and Absence of Violence/Terrorism: Estimate,-0.470458776,-0.493017614,-0.446265608,-0.341487437,-0.285499394
Morocco,MAR,Rule of Law: Estimate,-0.209178165,-0.24794969,-0.065144658,-0.088940836,-0.144751847
Morocco,MAR,Government Effectiveness: Estimate,-0.059165228,-0.035124548,-0.074534334,-0.061943848,-0.099957108
Mozambique,MOZ,Political Stability and Absence of Violence/Terrorism: Estimate,0.390493691,-0.22696647,-0.336002737,-0.513895094,-1.048772216
Mozambique,MOZ,Rule of Law: Estimate,-0.586098909,-0.815588355,-0.810333848,-0.848796844,-1.018081427
Mozambique,MOZ,Government Effectiveness: Estimate,-0.630087018,-0.613269269,-0.722668052,-0.746266305,-0.852751672
Myanmar,MMR,Political Stability and Absence of Violence/Terrorism: Estimate,-0.943674982,-1.140372396,-1.087580681,-1.165066719,-0.633574188
Myanmar,MMR,Rule of Law: Estimate,-1.35473609,-1.233817577,-1.185658813,-1.236542463,-0.98635304
Myanmar,MMR,Government Effectiveness: Estimate,-1.481390595,-1.497101545,-1.279349566,-1.238607645,-0.982821882
Namibia,NAM,Political Stability and Absence of Violence/Terrorism: Estimate,0.978104293,0.958809972,0.608740628,0.733112812,0.742925823
Namibia,NAM,Rule of Law: Estimate,0.252846062,0.266959339,0.14784117,0.190016076,0.39364019
Namibia,NAM,Government Effectiveness: Estimate,0.138661847,0.187224776,0.113697007,0.253775209,0.171074152
Nauru,NRU,Political Stability and Absence of Violence/Terrorism: Estimate,1.026400208,1.054114819,0.601334393,0.54376024,0.550383031
Nauru,NRU,Rule of Law: Estimate,0.732393384,0.623327971,-1.009087205,-1.086187959,-0.804049373
Nauru,NRU,Government Effectiveness: Estimate,-0.556275547,-0.578475773,-0.568591774,-0.536278367,-0.692472398
Nepal,NPL,Political Stability and Absence of Violence/Terrorism: Estimate,-1.381232262,-1.129146099,-0.72459954,-0.998334587,-0.793663621
Nepal,NPL,Rule of Law: Estimate,-0.735702753,-0.71813643,-0.649577558,-0.676831722,-0.838581562
Nepal,NPL,Government Effectiveness: Estimate,-0.982698679,-0.926262081,-0.851541281,-1.053640604,-0.811091661
Netherlands,NLD,Political Stability and Absence of Violence/Terrorism: Estimate,1.187464714,1.143815398,1.045115352,0.926119328,0.889827311
Netherlands,NLD,Rule of Law: Estimate,1.861233473,1.8350811,1.980402589,1.944209576,1.893922448
Netherlands,NLD,Government Effectiveness: Estimate,1.813399553,1.78395927,1.817106485,1.832803488,1.841307998
New Zealand,NZL,Political Stability and Absence of Violence/Terrorism: Estimate,1.361365557,1.453926563,1.467927575,1.525453329,1.490120649
New Zealand,NZL,Rule of Law: Estimate,1.890579939,1.878954887,2.008776665,2.001410484,1.927021027
New Zealand,NZL,Government Effectiveness: Estimate,1.801007271,1.757801533,1.932062387,1.884677529,1.857644916
Nicaragua,NIC,Political Stability and Absence of Violence/Terrorism: Estimate,-0.348777562,-0.249215871,-0.040780123,-0.086607538,-0.172709912
Nicaragua,NIC,Rule of Law: Estimate,-0.732243598,-0.674724758,-0.712243497,-0.73610878,-0.603669703
Nicaragua,NIC,Government Effectiveness: Estimate,-0.894955456,-0.81668216,-0.837903082,-0.815875173,-0.697707832
Niger,NER,Political Stability and Absence of Violence/Terrorism: Estimate,-1.148130894,-1.321799397,-1.175840497,-1.066546202,-1.083972454
Niger,NER,Rule of Law: Estimate,-0.647663116,-0.659603357,-0.645743966,-0.579464018,-0.641173244
Niger,NER,Government Effectiveness: Estimate,-0.682663262,-0.720928311,-0.696187019,-0.605987728,-0.592877626
Nigeria,NGA,Political Stability and Absence of Violence/Terrorism: Estimate,-2.042073727,-2.088478327,-2.130276442,-1.925442815,-1.853854895
Nigeria,NGA,Rule of Law: Estimate,-1.146282315,-1.113679528,-1.049235106,-0.961073756,-1.054016471
Nigeria,NGA,Government Effectiveness: Estimate,-0.99647665,-0.992039919,-1.186016917,-0.96267271,-1.087381601
Norway,NOR,Political Stability and Absence of Violence/Terrorism: Estimate,1.327469826,1.352091908,1.11995852,1.161716104,1.166538715
Norway,NOR,Rule of Law: Estimate,1.958512545,1.980009913,2.029048204,2.011164904,2.020467281
Norway,NOR,Government Effectiveness: Estimate,1.909127474,1.884966731,1.828457475,1.864799142,1.882856488
Oman,OMN,Political Stability and Absence of Violence/Terrorism: Estimate,0.462077081,0.459530205,0.734907329,0.783339798,0.801888525
Oman,OMN,Rule of Law: Estimate,0.523968518,0.492017686,0.485807508,0.376893491,0.434241831
Oman,OMN,Government Effectiveness: Estimate,0.264540792,0.214114904,0.265802741,0.081546336,0.190203637
Pakistan,PAK,Political Stability and Absence of Violence/Terrorism: Estimate,-2.677003622,-2.603302002,-2.401279211,-2.482707977,-2.467288494
Pakistan,PAK,Rule of Law: Estimate,-0.884221256,-0.856815755,-0.760338485,-0.766665697,-0.829703987
Pakistan,PAK,Government Effectiveness: Estimate,-0.777933121,-0.791803539,-0.755000889,-0.667473018,-0.637140572
Palau,PLW,Political Stability and Absence of Violence/Terrorism: Estimate,1.026400208,1.054114819,0.989585757,0.919473767,0.92738986
Palau,PLW,Rule of Law: Estimate,0.90380764,0.903464019,0.275592655,0.244675294,0.317480952
Palau,PLW,Government Effectiveness: Estimate,-0.556275547,-0.578475773,-0.568591774,-0.536278367,-0.40572989
Panama,PAN,Political Stability and Absence of Violence/Terrorism: Estimate,-0.179432675,-0.141260922,0.209008202,0.386077255,0.43486318
Panama,PAN,Rule of Law: Estimate,-0.191678032,-0.216036439,-0.059524875,-0.106349006,0.025035933
Panama,PAN,Government Effectiveness: Estimate,0.285027534,0.288603574,0.262119085,0.292337388,0.185663864
Papua New Guinea,PNG,Political Stability and Absence of Violence/Terrorism: Estimate,-0.590442359,-0.520246863,-0.339367092,-0.422148317,-0.495241821
Papua New Guinea,PNG,Rule of Law: Estimate,-0.836267173,-0.947535813,-0.801755965,-0.869289815,-0.754454613
Papua New Guinea,PNG,Government Effectiveness: Estimate,-0.740658045,-0.663008809,-0.612693727,-0.606489778,-0.725788355
Paraguay,PRY,Political Stability and Absence of Violence/Terrorism: Estimate,-0.871902168,-0.735861599,-0.08862751,0.038498022,0.200180888
Paraguay,PRY,Rule of Law: Estimate,-0.846209049,-0.808143198,-0.673159599,-0.691573739,-0.667941749
Paraguay,PRY,Government Effectiveness: Estimate,-0.889455974,-0.87216711,-0.919168353,-0.948369682,-0.770884454
Peru,PER,Political Stability and Absence of Violence/Terrorism: Estimate,-0.907364726,-0.80573976,-0.550656915,-0.397571415,-0.158690348
Peru,PER,Rule of Law: Estimate,-0.574382603,-0.565968037,-0.521067798,-0.48545754,-0.493892014
Peru,PER,Government Effectiveness: Estimate,-0.144916207,-0.114771321,-0.266777873,-0.276903689,-0.170533314
Philippines,PHL,Political Stability and Absence of Violence/Terrorism: Estimate,-1.18824029,-1.084253192,-0.713820934,-0.855662465,-1.303150535
Philippines,PHL,Rule of Law: Estimate,-0.523160279,-0.403390288,-0.31731075,-0.342897713,-0.395716161
Philippines,PHL,Government Effectiveness: Estimate,0.108191438,0.118486151,0.193026796,0.112366773,-0.012589766
Poland,POL,Political Stability and Absence of Violence/Terrorism: Estimate,1.04947865,0.973354995,0.842940807,0.874852359,0.512244463
Poland,POL,Rule of Law: Estimate,0.780411541,0.819490671,0.840595961,0.802068591,0.679982424
Poland,POL,Government Effectiveness: Estimate,0.675630391,0.722514808,0.827383578,0.798975646,0.691426218
Portugal,PRT,Political Stability and Absence of Violence/Terrorism: Estimate,0.775272608,0.748763442,0.806274414,0.917840123,1.017052293
Portugal,PRT,Rule of Law: Estimate,1.065502048,1.058801651,1.137530565,1.146607041,1.130084753
Portugal,PRT,Government Effectiveness: Estimate,1.035027623,1.230732441,0.988590837,1.220576167,1.220306873
Qatar,QAT,Political Stability and Absence of Violence/Terrorism: Estimate,1.223598838,1.212546468,0.977457762,0.996630371,0.867257059
Qatar,QAT,Rule of Law: Estimate,0.95820272,0.958523452,0.864007652,0.770525932,0.864954293
Qatar,QAT,Government Effectiveness: Estimate,0.937021971,1.057716012,0.944795609,0.955126643,0.747537553
"Korea, Rep.",KOR,Political Stability and Absence of Violence/Terrorism: Estimate,0.267103314,0.278578639,0.108568802,0.161014125,0.171203107
"Korea, Rep.",KOR,Rule of Law: Estimate,0.984208226,0.953823209,0.993528128,0.932395458,1.141642332
"Korea, Rep.",KOR,Government Effectiveness: Estimate,1.199333072,1.12555182,1.164745569,1.012607813,1.070071578
Moldova,MDA,Political Stability and Absence of Violence/Terrorism: Estimate,0.046490479,0.000808572,-0.158987761,-0.327440172,-0.276612103
Moldova,MDA,Rule of Law: Estimate,-0.324772626,-0.37213251,-0.247836754,-0.353444636,-0.53579855
Moldova,MDA,Government Effectiveness: Estimate,-0.567913175,-0.409080684,-0.418404162,-0.654655099,-0.616518259
Romania,ROU,Political Stability and Absence of Violence/Terrorism: Estimate,0.082341559,0.179133072,0.049136128,0.189114437,0.26743871
Romania,ROU,Rule of Law: Estimate,0.042129636,0.125015959,0.165362,0.157549575,0.30182156
Romania,ROU,Government Effectiveness: Estimate,-0.311950058,-0.074424632,-0.025993757,-0.056023832,-0.170930699
Russian Federation,RUS,Political Stability and Absence of Violence/Terrorism: Estimate,-0.817712665,-0.73609364,-0.943617463,-1.029335141,-0.893728554
Russian Federation,RUS,Rule of Law: Estimate,-0.818469405,-0.784189522,-0.741455436,-0.763637006,-0.800349712
Russian Federation,RUS,Government Effectiveness: Estimate,-0.420474619,-0.354851961,-0.109315023,-0.204350516,-0.21576792
Rwanda,RWA,Political Stability and Absence of Violence/Terrorism: Estimate,-0.230615199,-0.110951617,-0.313469648,0.013241149,-0.050283227
Rwanda,RWA,Rule of Law: Estimate,-0.271659464,-0.154724166,0.056870598,0.050420243,0.070145518
Rwanda,RWA,Government Effectiveness: Estimate,-0.048253916,0.019723505,-0.025332073,-0.045735646,0.106928967
Samoa,WSM,Political Stability and Absence of Violence/Terrorism: Estimate,0.99924016,0.98900789,1.12190485,1.183973908,1.188230753
Samoa,WSM,Rule of Law: Estimate,0.676024377,0.683294892,0.717397809,0.698486388,0.757050574
Samoa,WSM,Government Effectiveness: Estimate,-0.019029476,0.02464118,0.454839766,0.508672714,0.536134481
Saudi Arabia,SAU,Political Stability and Absence of Violence/Terrorism: Estimate,-0.480688244,-0.431784123,-0.285844654,-0.626398981,-0.495983958
Saudi Arabia,SAU,Rule of Law: Estimate,0.148858771,0.157214403,0.132183999,0.117822453,0.467494935
Saudi Arabia,SAU,Government Effectiveness: Estimate,0.034983415,0.073139273,0.207730904,0.200066909,0.243051618
Senegal,SEN,Political Stability and Absence of Violence/Terrorism: Estimate,-0.108322032,-0.060722835,-0.198223099,-0.116664805,-0.266447425
Senegal,SEN,Rule of Law: Estimate,-0.286811113,-0.238848746,-0.081823833,-0.141723916,-0.186746135
Senegal,SEN,Government Effectiveness: Estimate,-0.466163397,-0.41851604,-0.403944403,-0.450297266,-0.467253923
Serbia,SRB,Political Stability and Absence of Violence/Terrorism: Estimate,-0.217299461,-0.075638093,0.184110776,0.238982022,0.04731451
Serbia,SRB,Rule of Law: Estimate,-0.356304169,-0.326106429,-0.149681732,-0.117168836,-0.115287662
Serbia,SRB,Government Effectiveness: Estimate,-0.101885274,-0.08672297,0.089616925,0.111243814,0.091276325
Seychelles,SYC,Political Stability and Absence of Violence/Terrorism: Estimate,0.744266331,0.825588942,0.361632437,0.688779771,0.7175951
Seychelles,SYC,Rule of Law: Estimate,-0.01427184,0.071709611,0.126385927,0.201051995,0.13466537
Seychelles,SYC,Government Effectiveness: Estimate,0.395284295,0.382067412,0.360770196,0.4230102,0.35808292
Sierra Leone,SLE,Political Stability and Absence of Violence/Terrorism: Estimate,-0.279945284,-0.174718276,-0.104039676,-0.102516763,-0.161236852
Sierra Leone,SLE,Rule of Law: Estimate,-0.853567779,-0.859033406,-0.921858549,-0.853527308,-0.791716754
Sierra Leone,SLE,Government Effectiveness: Estimate,-1.225699544,-1.22544682,-1.243713737,-1.279705524,-1.196730018
Singapore,SGP,Political Stability and Absence of Violence/Terrorism: Estimate,1.368174553,1.378178358,1.186271429,1.311752796,1.528321385
Singapore,SGP,Rule of Law: Estimate,1.731186032,1.705523849,1.824774981,1.81349194,1.832002878
Singapore,SGP,Government Effectiveness: Estimate,2.166091442,2.088955164,2.182617188,2.236756086,2.208583832
Slovak Republic,SVK,Political Stability and Absence of Violence/Terrorism: Estimate,1.08840096,1.119518161,1.039121151,0.874545217,0.623291373
Slovak Republic,SVK,Rule of Law: Estimate,0.492303193,0.478546321,0.496026099,0.503814816,0.694871128
Slovak Republic,SVK,Government Effectiveness: Estimate,0.83637917,0.789134204,0.876235783,0.83792001,0.890099287
Slovenia,SVN,Political Stability and Absence of Violence/Terrorism: Estimate,0.935110688,0.88225168,0.965773404,0.953392744,0.994879305
Slovenia,SVN,Rule of Law: Estimate,1.014998674,1.000792265,1.001514196,0.974581301,1.084279776
Slovenia,SVN,Government Effectiveness: Estimate,1.031650066,1.013162732,1.005159855,0.972628713,1.119422674
Solomon Islands,SLB,Political Stability and Absence of Violence/Terrorism: Estimate,0.187316343,0.300382704,0.470224828,0.660984755,0.511698604
Solomon Islands,SLB,Rule of Law: Estimate,-0.540003181,-0.525551379,-0.502281189,-0.486201555,-0.339238912
Solomon Islands,SLB,Government Effectiveness: Estimate,-0.806007743,-0.823834002,-1.068035007,-1.024367094,-0.993267059
Somalia,SOM,Political Stability and Absence of Violence/Terrorism: Estimate,-2.860755444,-2.758686543,-2.515828133,-2.380827904,-2.330216885
Somalia,SOM,Rule of Law: Estimate,-2.423379183,-2.40424633,-2.349381208,-2.300122499,-2.370821476
Somalia,SOM,Government Effectiveness: Estimate,-2.200339079,-2.21736145,-2.445875883,-2.196963072,-2.180417776
South Africa,ZAF,Political Stability and Absence of Violence/Terrorism: Estimate,-0.0253867,-0.046294536,-0.146388963,-0.212992936,-0.131479323
South Africa,ZAF,Rule of Law: Estimate,0.110431656,0.15814814,0.182790428,0.088763915,0.072629265
South Africa,ZAF,Government Effectiveness: Estimate,0.345631182,0.438292533,0.341089219,0.261675388,0.272058576
South Sudan,SSD,Political Stability and Absence of Violence/Terrorism: Estimate,-1.156583309,-1.730328679,-2.646576643,-2.37568903,-2.418430328
South Sudan,SSD,Rule of Law: Estimate,-1.430731654,-1.512014747,-1.822960019,-1.855479956,-1.691815734
South Sudan,SSD,Government Effectiveness: Estimate,-1.584736586,-1.679246902,-2.068171263,-2.163179398,-2.259861946
Spain,ESP,Political Stability and Absence of Violence/Terrorism: Estimate,-0.029516449,0.012017759,0.243121743,0.251491189,0.487920016
Spain,ESP,Rule of Law: Estimate,1.064827085,1.0205158,0.952644229,0.901602685,0.97756815
Spain,ESP,Government Effectiveness: Estimate,1.120682478,1.154522538,1.1597054,1.174265742,1.116256237
Sri Lanka,LKA,Political Stability and Absence of Violence/Terrorism: Estimate,-0.717079222,-0.612895429,-0.330464035,0.090368114,0.067236699
Sri Lanka,LKA,Rule of Law: Estimate,-0.122376353,-0.276962429,-0.170083612,0.037326247,-0.007208326
Sri Lanka,LKA,Government Effectiveness: Estimate,-0.207532242,-0.169863924,0.053877641,-0.00914478,-0.212067991
Sudan,SDN,Political Stability and Absence of Violence/Terrorism: Estimate,-2.260563374,-2.193009615,-2.363084555,-2.162183285,-2.380922079
Sudan,SDN,Rule of Law: Estimate,-1.226251721,-1.271083117,-1.167488456,-1.208177567,-1.261823654
Sudan,SDN,Government Effectiveness: Estimate,-1.419656754,-1.485421419,-1.532044411,-1.46239388,-1.406250358
Suriname,SUR,Political Stability and Absence of Violence/Terrorism: Estimate,0.079325452,0.132779226,0.249270841,0.256688297,0.273036957
Suriname,SUR,Rule of Law: Estimate,-0.057404507,-0.045161143,-0.137176558,-0.195376858,-0.115290821
Suriname,SUR,Government Effectiveness: Estimate,-0.009694117,-0.015802836,-0.175923645,-0.345765233,-0.340190202
Swaziland,SWZ,Political Stability and Absence of Violence/Terrorism: Estimate,-0.407692343,-0.431911141,-0.500559747,-0.476151049,-0.490953356
Swaziland,SWZ,Rule of Law: Estimate,-0.49354285,-0.458853275,-0.314296454,-0.324313819,-0.321980983
Swaziland,SWZ,Government Effectiveness: Estimate,-0.532473028,-0.448193282,-0.562953532,-0.53864646,-0.556703746
Sweden,SWE,Political Stability and Absence of Violence/Terrorism: Estimate,1.170597196,1.127778053,1.065414786,0.947106421,0.980088055
Sweden,SWE,Rule of Law: Estimate,1.951555252,1.972878098,1.992006302,2.037810326,2.043331146
Sweden,SWE,Government Effectiveness: Estimate,1.957009554,1.909026146,1.803889275,1.816197515,1.787077904
Switzerland,CHE,Political Stability and Absence of Violence/Terrorism: Estimate,1.418336034,1.401140213,1.402652621,1.339359045,1.322083116
Switzerland,CHE,Rule of Law: Estimate,1.819054365,1.804692388,1.994928122,1.945191026,1.935613871
Switzerland,CHE,Government Effectiveness: Estimate,1.891962409,1.824577332,2.112257957,1.998365879,2.02562809
Syrian Arab Rep.,SYR,Political Stability and Absence of Violence/Terrorism: Estimate,-2.682273865,-2.681142807,-2.74882412,-2.974081039,-2.914052963
Syrian Arab Rep.,SYR,Rule of Law: Estimate,-1.126029253,-1.406142831,-1.362182021,-1.4230479,-2.005616665
Syrian Arab Rep.,SYR,Government Effectiveness: Estimate,-1.148971319,-1.400502443,-1.400044918,-1.590460181,-1.824969411
Tajikistan,TJK,Political Stability and Absence of Violence/Terrorism: Estimate,-1.240859747,-1.182374001,-0.693340778,-0.882642269,-0.792428672
Tajikistan,TJK,Rule of Law: Estimate,-1.200410724,-1.252617717,-1.011011243,-1.055544376,-1.177686691
Tajikistan,TJK,Government Effectiveness: Estimate,-0.931134701,-1.05844748,-0.782609403,-0.848223448,-1.021332264
Thailand,THA,Political Stability and Absence of Violence/Terrorism: Estimate,-1.216630697,-1.311682701,-0.906386316,-0.99442929,-0.929401219
Thailand,THA,Rule of Law: Estimate,-0.151087999,-0.120534927,-0.19136773,-0.147704467,0.012461797
Thailand,THA,Government Effectiveness: Estimate,0.224681675,0.248000041,0.337951154,0.350277573,0.335228354
The former Yugoslav Republic of Macedonia,MKD,Political Stability and Absence of Violence/Terrorism: Estimate,-0.492649525,-0.416076392,0.256382942,-0.287016064,-0.382267684
The former Yugoslav Republic of Macedonia,MKD,Rule of Law: Estimate,-0.220716566,-0.19962278,-0.052508973,-0.188808754,-0.312175274
The former Yugoslav Republic of Macedonia,MKD,Government Effectiveness: Estimate,-0.070141509,-0.052818637,0.131663471,0.118493073,0.094409391
Timor-Leste,TLS,Political Stability and Absence of Violence/Terrorism: Estimate,-0.284831136,-0.384680241,-0.179694876,-0.271886349,-0.078250222
Timor-Leste,TLS,Rule of Law: Estimate,-1.144922376,-1.208457828,-1.121553183,-1.121528983,-1.20012641
Timor-Leste,TLS,Government Effectiveness: Estimate,-1.180809855,-1.231252432,-1.18059504,-1.045524359,-1.028147459
Togo,TGO,Political Stability and Absence of Violence/Terrorism: Estimate,-0.386457771,-0.35371083,-0.167126864,-0.231348053,-0.195354298
Togo,TGO,Rule of Law: Estimate,-0.928017914,-0.97349453,-0.85721612,-0.798984945,-0.683660269
Togo,TGO,Government Effectiveness: Estimate,-1.314133048,-1.294959068,-1.249514103,-1.189448237,-1.07541573
Tonga,TON,Political Stability and Absence of Violence/Terrorism: Estimate,0.894514441,0.935446382,0.84719646,0.88633436,0.911126614
Tonga,TON,Rule of Law: Estimate,-0.037595853,-0.005440125,-0.145887271,-0.200851694,0.238132343
Tonga,TON,Government Effectiveness: Estimate,-0.408035219,-0.404464811,-0.069148742,-0.330137938,-0.293576419
Trinidad and Tobago,TTO,Political Stability and Absence of Violence/Terrorism: Estimate,0.104277603,0.093686096,0.247864336,0.286114305,0.283099383
Trinidad and Tobago,TTO,Rule of Law: Estimate,-0.141139627,-0.168493673,-0.09080527,-0.115995876,-0.162937313
Trinidad and Tobago,TTO,Government Effectiveness: Estimate,0.410598189,0.36218518,0.272078156,0.232600957,0.223157614
Tunisia,TUN,Political Stability and Absence of Violence/Terrorism: Estimate,-0.721316934,-0.902563274,-0.851661503,-0.96038723,-0.988354623
Tunisia,TUN,Rule of Law: Estimate,-0.129365072,-0.189248368,-0.10967727,-0.061554465,0.0234844
Tunisia,TUN,Government Effectiveness: Estimate,-0.034448069,-0.073511191,-0.119645528,-0.103312753,-0.210900694
Turkey,TUR,Political Stability and Absence of Violence/Terrorism: Estimate,-1.22053194,-1.249932528,-1.086035967,-1.493914008,-1.998280168
Turkey,TUR,Rule of Law: Estimate,0.036303889,0.066958897,0.00512341,-0.113019049,-0.161740422
Turkey,TUR,Government Effectiveness: Estimate,0.408523589,0.381218404,0.365242243,0.22311984,0.047929186
Turkmenistan,TKM,Political Stability and Absence of Violence/Terrorism: Estimate,0.42808789,0.2490955,0.074206032,-0.087798864,-0.311651707
Turkmenistan,TKM,Rule of Law: Estimate,-1.402658463,-1.386667371,-1.364572048,-1.417839885,-1.558043599
Turkmenistan,TKM,Government Effectiveness: Estimate,-1.257099867,-1.281881571,-0.842202842,-0.850448787,-1.13999939
Uganda,UGA,Political Stability and Absence of Violence/Terrorism: Estimate,-0.86896652,-0.838690639,-0.941126168,-0.804501653,-0.723371863
Uganda,UGA,Rule of Law: Estimate,-0.348161995,-0.34128201,-0.38838008,-0.385777652,-0.243586317
Uganda,UGA,Government Effectiveness: Estimate,-0.570018351,-0.585942507,-0.501476347,-0.485693216,-0.569913685
Ukraine,UKR,Political Stability and Absence of Violence/Terrorism: Estimate,-0.092274904,-0.77728498,-2.020833492,-1.961800098,-1.89068532
Ukraine,UKR,Rule of Law: Estimate,-0.782897115,-0.804475665,-0.790971577,-0.81355083,-0.765136123
Ukraine,UKR,Government Effectiveness: Estimate,-0.58306247,-0.645750463,-0.413418591,-0.523523629,-0.582816184
United Arab Emirates,ARE,Political Stability and Absence of Violence/Terrorism: Estimate,0.863251448,0.894792199,0.768908918,0.759545386,0.441242814
United Arab Emirates,ARE,Rule of Law: Estimate,0.53951031,0.619023621,0.652227223,0.640877128,0.887416661
United Arab Emirates,ARE,Government Effectiveness: Estimate,1.149610043,1.176368117,1.435521245,1.50987184,1.413636565
United Kingdom,GBR,Political Stability and Absence of Violence/Terrorism: Estimate,0.402270734,0.486201435,0.415347636,0.517747939,0.379436076
United Kingdom,GBR,Rule of Law: Estimate,1.718675971,1.705037713,1.889571428,1.813076496,1.626928091
United Kingdom,GBR,Government Effectiveness: Estimate,1.547542214,1.495450616,1.626729727,1.744032383,1.610874891
United Rep. of Tanzania,TZA,Political Stability and Absence of Violence/Terrorism: Estimate,0.051454291,-0.162120849,-0.597118556,-0.41619435,-0.40846011
United Rep. of Tanzania,TZA,Rule of Law: Estimate,-0.529374123,-0.472964227,-0.395124078,-0.371619225,-0.38857463
United Rep. of Tanzania,TZA,Government Effectiveness: Estimate,-0.691418886,-0.709770083,-0.655045569,-0.61055547,-0.550348938
United States of America,USA,Political Stability and Absence of Violence/Terrorism: Estimate,0.632442117,0.643072605,0.582419634,0.678062379,0.353568375
United States of America,USA,Rule of Law: Estimate,1.627279043,1.557241082,1.610473037,1.59612298,1.666049957
United States of America,USA,Government Effectiveness: Estimate,1.529325604,1.523666263,1.467586279,1.463781953,1.481050014
Uruguay,URY,Political Stability and Absence of Violence/Terrorism: Estimate,0.709167778,0.804738224,0.991879582,1.004238248,1.096191406
Uruguay,URY,Rule of Law: Estimate,0.593178272,0.56428194,0.710575342,0.712427437,0.63080281
Uruguay,URY,Government Effectiveness: Estimate,0.441899002,0.447683066,0.482786238,0.529026389,0.549528539
Uzbekistan,UZB,Political Stability and Absence of Violence/Terrorism: Estimate,-0.518739343,-0.53607899,-0.273108631,-0.373036414,-0.343727082
Uzbekistan,UZB,Rule of Law: Estimate,-1.290210724,-1.226673484,-1.129661798,-1.111207604,-1.133260012
Uzbekistan,UZB,Government Effectiveness: Estimate,-0.910626233,-0.913699389,-0.628321826,-0.671784401,-0.595769763
Vanuatu,VUT,Political Stability and Absence of Violence/Terrorism: Estimate,1.201700807,1.160386682,0.636045277,0.478408933,0.514076471
Vanuatu,VUT,Rule of Law: Estimate,0.284567147,0.309302449,0.178619623,0.104127094,0.321771979
Vanuatu,VUT,Government Effectiveness: Estimate,-0.223221779,-0.212574556,-0.533902705,-0.783601284,-0.87563616
"Venezuela, RB",VEN,Political Stability and Absence of Violence/Terrorism: Estimate,-1.02713263,-1.077632427,-0.852002203,-0.977180898,-1.026120067
"Venezuela, RB",VEN,Rule of Law: Estimate,-1.689822316,-1.821133494,-1.916324377,-2.032376289,-2.178493023
"Venezuela, RB",VEN,Government Effectiveness: Estimate,-1.145258665,-1.167143345,-1.226763487,-1.21993196,-1.293381929
Vietnam,VNM,Political Stability and Absence of Violence/Terrorism: Estimate,0.267358661,0.250577271,-0.022347357,0.069970489,0.168573663
Vietnam,VNM,Rule of Law: Estimate,-0.551594913,-0.514795184,-0.359818399,-0.339344263,0.048005637
Vietnam,VNM,Government Effectiveness: Estimate,-0.269849509,-0.265643388,-0.070451654,0.067519069,0.010342133
"Yemen, Rep.",YEM,Political Stability and Absence of Violence/Terrorism: Estimate,-2.430663109,-2.3748281,-2.665575027,-2.680221558,-2.793776035
"Yemen, Rep.",YEM,Rule of Law: Estimate,-1.267264366,-1.177236438,-1.200264573,-1.271081805,-1.600989103
"Yemen, Rep.",YEM,Government Effectiveness: Estimate,-1.273240685,-1.220350742,-1.410873294,-1.627152562,-1.819497466
Zambia,ZMB,Political Stability and Absence of Violence/Terrorism: Estimate,0.660962522,0.435933292,0.156212017,0.151694864,0.183081627
Zambia,ZMB,Rule of Law: Estimate,-0.36519599,-0.267561674,-0.23654902,-0.22972478,-0.302030891
Zambia,ZMB,Government Effectiveness: Estimate,-0.476179838,-0.492518276,-0.499574661,-0.560079753,-0.658354104
Zimbabwe,ZWE,Political Stability and Absence of Violence/Terrorism: Estimate,-0.778662026,-0.665949762,-0.713570178,-0.618156314,-0.612713397
Zimbabwe,ZWE,Rule of Law: Estimate,-1.629983187,-1.579165339,-1.431254029,-1.316628456,-1.323667049
Zimbabwe,ZWE,Government Effectiveness: Estimate,-1.33625865,-1.277509689,-1.210597754,-1.155711412,-1.159108281
